{  
    "images":{  
        "title":{  
            "image":"minecraft:textures/gui/title/BlastName.png",
            "posX":400,
            "posY":35,
            "width":200,
            "height":79,
            "alignment":"top_left"
        },
        "title2":{  
            "image":"minecraft:textures/gui/title/line.png",
            "posX":0,
            "posY":0,
            "width":180,
            "height":512,
            "alignment":"top_left"
        }
    },
    "buttons":{  
        "singleplayer":{  
            "text":"menu.singleplayer",
            "posX":16,
            "posY":-46,
            "width":100,
            "height":30,
            "imageWidth":100,
            "imageHeight":50,
            "normalTextColor":16777215,
            "hoverTextColor":7372944,
            "texture":"minecraft:textures/gui/title/button.png",
            "alignment":"left_center"
        },
        "multiplayer":{  
            "text":"menu.multiplayer",
            "posX":16,
            "posY":-12,
            "width":100,
            "height":30,
            "imageWidth":100,
            "imageHeight":50,
            "normalTextColor":16777215,
            "hoverTextColor":7372944,
            "texture":"minecraft:textures/gui/title/button.png",
            "alignment":"left_center"
        },
        "options":{  
            "text":"menu.options",
            "posX":16,
            "posY":22,
            "width":100,
            "height":30,
            "imageWidth":100,
            "imageHeight":50,
            "normalTextColor":16777215,
            "hoverTextColor":7372944,
            "texture":"minecraft:textures/gui/title/button.png",
            "alignment":"left_center"
        },
        "quit":{  
            "text":"menu.quit",
            "posX":16,
            "posY":56,
            "width":100,
            "height":30,
            "imageWidth":100,
            "imageHeight":50,
            "normalTextColor":16777215,
            "hoverTextColor":7372944,
            "texture":"minecraft:textures/gui/title/button.png",
            "alignment":"left_center"
        },
        "refresh":{  
            "text":"",
            "posX":-154,
            "posY":132,
            "width":0,
            "height":0
        }
    },
    "texts":{  
        "mojang":{  
            "text":"",
            "posX":-2,
            "posY":-10,
            "color":150,
            "alignment":"bottom_right"
        },
        "example":{  
            "text":"BlastOff 1.1.9",
            "posX":2,
            "posY":-10,
            "color":13938487,
            "alignment":"bottom_left"
        }
    },
    "other":{  
        "splash-text":{  
            "posX":-70,
            "posY":60,
            "color":13055,
            "alignment":"bottom_right"
        },
        "panorama":{  
            "images":"minecraft:textures/gui/title/background/panorama_%c.png",
            "blur":true,
            "gradient":true
        }
    }
}